0,1,2,3,4,5,6,7,8,9
semantic,parsing,text,attention,detection,modeling,models,model,based,social
learning,summarization,multi,task,abstractive,document,text,deep,sentence,neural
neural,network,models,networks,detection,attention,parsing,based,modeling,deep
generation,text,neural,response,to,dialogue,learning,keyphrase,based,sequence
cross,lingual,transfer,embeddings,word,parsing,unsupervised,learning,semantic,dependency
reading,comprehension,machine,multi,reasoning,hop,answer,passage,questions,style
language,natural,models,inference,neural,modeling,model,understanding,learning,generation
word,embeddings,representations,embedding,sense,unsupervised,contextualized,segmentation,vectors,based
question,answering,answer,domain,open,knowledge,generation,multi,hop,learning
extraction,relation,entity,named,recognition,supervised,linking,learning,grained,supervision
translation,machine,neural,attention,adaptation,context,learning,unsupervised,word,improving
end,to,dialogue,oriented,systems,networks,dialog,speech,learning,aspect
knowledge,graph,embedding,graphs,reasoning,based,completion,learning,networks,prediction
classification,sentiment,text,aspect,analysis,multi,networks,attention,domain,label
